﻿<?xml version="1.0" encoding="utf-8"?>
<MaxQuantParams xmlns:xsd="http://www.w3.org/2001/XMLSchema" xmlns:xsi="http://www.w3.org/2001/XMLSchema-instance" aifSilWeight="4" aifIsoWeight="2" aifTopx="20" aifCorrelation="0.47" aifCorrelationFirstPass="0.8" aifMinMass="0" aifMsmsTol="10" aifSecondPass="true" aifIterative="true" aifThresholdFdr="0.01" writeMsScansTable="true" writeMsmsScansTable="true" writeMs3ScansTable="true" writeAllPeptidesTable="true" writeMzRangeTable="true">
   <name>Session1</name>
   <maxQuantVersion>1.5.2.8</maxQuantVersion>
   <tempFolder />
   <numThreads>2</numThreads>
   <sendEmail>false</sendEmail>
   <fixedCombinedFolder />
   <ionCountIntensities>false</ionCountIntensities>
   <verboseColumnHeaders>false</verboseColumnHeaders>
   <fullMinMz>-1.7976931348623157E+308</fullMinMz>
   <fullMaxMz>1.7976931348623157E+308</fullMaxMz>
   <calcPeakProperties>false</calcPeakProperties>
   <showCentroidMassDifferences>false</showCentroidMassDifferences>
   <showIsotopeMassDifferences>false</showIsotopeMassDifferences>
   <filePaths>
      <string>M:\projects\QC\ecoli_small\Toni_20120502_GM_Ecoli_01.raw</string>
      <string>M:\projects\QC\ecoli_small\Toni_20120502_GM_Ecoli_02.raw</string>
   </filePaths>
   <experiments>
      <string>e1</string>
      <string>e2</string>
   </experiments>
   <fractions>
      <short>32767</short>
      <short>32767</short>
   </fractions>
   <paramGroupIndices>
      <int>0</int>
      <int>0</int>
   </paramGroupIndices>
   <parameterGroups>
      <parameterGroup>
         <maxCharge>7</maxCharge>
         <minPeakLen>2</minPeakLen>
         <useMs1Centroids>false</useMs1Centroids>
         <useMs2Centroids>false</useMs2Centroids>
         <cutPeaks>true</cutPeaks>
         <gapScans>1</gapScans>
         <minTime>NaN</minTime>
         <maxTime>NaN</maxTime>
         <matchType>MatchFromAndTo</matchType>
         <centroidMatchTol>8</centroidMatchTol>
         <centroidMatchTolInPpm>true</centroidMatchTolInPpm>
         <centroidHalfWidth>35</centroidHalfWidth>
         <centroidHalfWidthInPpm>true</centroidHalfWidthInPpm>
         <valleyFactor>1.4</valleyFactor>
         <advancedPeakSplitting>false</advancedPeakSplitting>
         <intensityThreshold>500</intensityThreshold>
         <msInstrument>0</msInstrument>
         <intensityDetermination>0</intensityDetermination>
         <labelMods>
            <string />
            <string>Arg10;Lys8</string>
         </labelMods>
         <lfqMinEdgesPerNode>3</lfqMinEdgesPerNode>
         <lfqAvEdgesPerNode>6</lfqAvEdgesPerNode>
         <fastLfq>true</fastLfq>
         <lfqMinRatioCount>2</lfqMinRatioCount>
         <useNormRatiosForHybridLfq>true</useNormRatiosForHybridLfq>
         <maxLabeledAa>3</maxLabeledAa>
         <maxNmods>5</maxNmods>
         <maxMissedCleavages>2</maxMissedCleavages>
         <multiplicity>2</multiplicity>
         <enzymes>
            <string>Trypsin/P</string>
         </enzymes>
         <enzymesFirstSearch />
         <useEnzymeFirstSearch>false</useEnzymeFirstSearch>
         <useVariableModificationsFirstSearch>false</useVariableModificationsFirstSearch>
         <variableModifications>
            <string>Acetyl (Protein N-term)</string>
            <string>Oxidation (M)</string>
         </variableModifications>
         <isobaricLabels />
         <variableModificationsFirstSearch />
         <hasAdditionalVariableModifications>false</hasAdditionalVariableModifications>
         <additionalVariableModifications />
         <additionalVariableModificationProteins />
         <doMassFiltering>true</doMassFiltering>
         <firstSearchTol>20</firstSearchTol>
         <mainSearchTol>4.5</mainSearchTol>
         <searchTolInPpm>true</searchTolInPpm>
         <isotopeMatchTol>2</isotopeMatchTol>
         <isotopeMatchTolInPpm>true</isotopeMatchTolInPpm>
         <isotopeTimeCorrelation>0.6</isotopeTimeCorrelation>
         <theorIsotopeCorrelation>0.6</theorIsotopeCorrelation>
         <recalibrationInPpm>true</recalibrationInPpm>
         <intensityDependentCalibration>false</intensityDependentCalibration>
         <minScoreForCalibration>70</minScoreForCalibration>
         <matchLibraryFile>false</matchLibraryFile>
         <libraryFile />
         <matchLibraryMassTolPpm>0</matchLibraryMassTolPpm>
         <matchLibraryTimeTolMin>0</matchLibraryTimeTolMin>
         <matchLabelTimeTolMin>0</matchLabelTimeTolMin>
         <reporterMassTolerance>NaN</reporterMassTolerance>
         <reporterPif>NaN</reporterPif>
         <filterPif>false</filterPif>
         <reporterFraction>NaN</reporterFraction>
         <reporterBasePeakRatio>NaN</reporterBasePeakRatio>
         <lcmsRunType>Standard</lcmsRunType>
         <lfqMode>1</lfqMode>
         <enzymeMode>0</enzymeMode>
         <enzymeModeFirstSearch>0</enzymeModeFirstSearch>
      </parameterGroup>
   </parameterGroups>
   <fixedModifications>
      <string>Carbamidomethyl (C)</string>
   </fixedModifications>
   <multiModificationSearch>false</multiModificationSearch>
   <compositionPrediction>false</compositionPrediction>
   <fastaFiles>
      <string>M:\db\E_coli_k12.ASM584v1.16.pep.all.fasta</string>
   </fastaFiles>
   <fastaFilesFirstSearch />
   <fixedSearchFolder />
   <advancedRatios>true</advancedRatios>
   <rtShift>false</rtShift>
   <separateLfq>false</separateLfq>
   <lfqStabilizeLargeRatios>true</lfqStabilizeLargeRatios>
   <lfqRequireMsms>true</lfqRequireMsms>
   <decoyMode>revert</decoyMode>
   <specialAas>KR</specialAas>
   <includeContaminants>true</includeContaminants>
   <equalIl>false</equalIl>
   <topxWindow>100</topxWindow>
   <maxPeptideMass>4600</maxPeptideMass>
   <minDeltaScoreUnmodifiedPeptides>0</minDeltaScoreUnmodifiedPeptides>
   <minDeltaScoreModifiedPeptides>6</minDeltaScoreModifiedPeptides>
   <minScoreUnmodifiedPeptides>0</minScoreUnmodifiedPeptides>
   <minScoreModifiedPeptides>40</minScoreModifiedPeptides>
   <filterAacounts>true</filterAacounts>
   <secondPeptide>true</secondPeptide>
   <matchBetweenRuns>true</matchBetweenRuns>
   <matchUnidentifiedFeatures>false</matchUnidentifiedFeatures>
   <matchBetweenRunsFdr>false</matchBetweenRunsFdr>
   <reQuantify>false</reQuantify>
   <dependentPeptides>false</dependentPeptides>
   <dependentPeptideFdr>0</dependentPeptideFdr>
   <dependentPeptideMassBin>0</dependentPeptideMassBin>
   <msmsConnection>false</msmsConnection>
   <ibaq>false</ibaq>
   <useDeltaScore>false</useDeltaScore>
   <splitProteinGroupsByTaxonomy>false</splitProteinGroupsByTaxonomy>
   <avalon>false</avalon>
   <ibaqLogFit>false</ibaqLogFit>
   <razorProteinFdr>true</razorProteinFdr>
   <deNovoSequencing>false</deNovoSequencing>
   <deNovoVarMods>true</deNovoVarMods>
   <massDifferenceSearch>false</massDifferenceSearch>
   <minPepLen>7</minPepLen>
   <peptideFdr>0.01</peptideFdr>
   <proteinFdr>0.01</proteinFdr>
   <siteFdr>0.01</siteFdr>
   <minPeptideLengthForUnspecificSearch>8</minPeptideLengthForUnspecificSearch>
   <maxPeptideLengthForUnspecificSearch>25</maxPeptideLengthForUnspecificSearch>
   <useNormRatiosForOccupancy>true</useNormRatiosForOccupancy>
   <minPeptides>1</minPeptides>
   <minRazorPeptides>1</minRazorPeptides>
   <minUniquePeptides>0</minUniquePeptides>
   <useCounterparts>false</useCounterparts>
   <advancedSiteIntensities>true</advancedSiteIntensities>
   <minRatioCount>2</minRatioCount>
   <restrictProteinQuantification>true</restrictProteinQuantification>
   <restrictMods>
      <string>Acetyl (Protein N-term)</string>
      <string>Oxidation (M)</string>
   </restrictMods>
   <matchingTimeWindow>0.7</matchingTimeWindow>
   <alignmentTimeWindow>20</alignmentTimeWindow>
   <numberOfCandidatesMultiplexedMsms>25</numberOfCandidatesMultiplexedMsms>
   <numberOfCandidatesMsms>15</numberOfCandidatesMsms>
   <massDifferenceMods />
   <crossLinkerSearch>false</crossLinkerSearch>
   <crossLinker />
   <msmsParamsArray>
      <msmsParams Name="FTMS" MatchToleranceInPpm="true" DeisotopeToleranceInPpm="true" DeNovoToleranceInPpm="true" Deisotope="true" Topx="12" HigherCharges="true" IncludeWater="true" IncludeAmmonia="true" DependentLosses="true" Recalibration="false">
         <MatchTolerance>20</MatchTolerance>
         <DeisotopeTolerance>7</DeisotopeTolerance>
         <DeNovoTolerance>10</DeNovoTolerance>
      </msmsParams>
      <msmsParams Name="ITMS" MatchToleranceInPpm="false" DeisotopeToleranceInPpm="false" DeNovoToleranceInPpm="false" Deisotope="false" Topx="8" HigherCharges="true" IncludeWater="true" IncludeAmmonia="true" DependentLosses="true" Recalibration="false">
         <MatchTolerance>0.5</MatchTolerance>
         <DeisotopeTolerance>0.15</DeisotopeTolerance>
         <DeNovoTolerance>0.25</DeNovoTolerance>
      </msmsParams>
      <msmsParams Name="TOF" MatchToleranceInPpm="true" DeisotopeToleranceInPpm="false" DeNovoToleranceInPpm="false" Deisotope="true" Topx="10" HigherCharges="true" IncludeWater="true" IncludeAmmonia="true" DependentLosses="true" Recalibration="false">
         <MatchTolerance>40</MatchTolerance>
         <DeisotopeTolerance>0.01</DeisotopeTolerance>
         <DeNovoTolerance>0.02</DeNovoTolerance>
      </msmsParams>
      <msmsParams Name="Unknown" MatchToleranceInPpm="false" DeisotopeToleranceInPpm="false" DeNovoToleranceInPpm="false" Deisotope="false" Topx="8" HigherCharges="true" IncludeWater="true" IncludeAmmonia="true" DependentLosses="true" Recalibration="false">
         <MatchTolerance>0.5</MatchTolerance>
         <DeisotopeTolerance>0.15</DeisotopeTolerance>
         <DeNovoTolerance>0.25</DeNovoTolerance>
      </msmsParams>
   </msmsParamsArray>
   <quantMode>1</quantMode>
</MaxQuantParams>